result_type,data_scope,method,W,latent_dim,compression_ratio_mean,cr_int8_estimated,encode_ms_mean,decode_ms_mean,mae_mean,rmse_mean,worst_abs_error,model_size_kb,safe_pass,safety_rejected_reason,notes
lossless_baseline,lossless_baseline,ccsds124_proxy_delta_rice,8,,0.0372481214130768,,18896.629965996908,20288.895111012607,0.0,0.0,0.0,,true,none,CCSDS-124-family proxy only; not a compliant CCSDS 124 implementation.
lossless_baseline,lossless_baseline,delta_int16,8,,0.8375451263537906,,12.25538800281356,15.061213007356857,0.0,0.0,0.0,,true,none,Lossless for quantized int16 representation; float32 may differ after round-trip.
lossless_baseline,lossless_baseline,delta_rice,8,,0.0671699245765587,,9208.750700990096,9831.470893002916,0.0,0.0,0.0,,true,none,Rice/Golomb-style proxy over signed deltas; not a standards-compliant Rice coder.
lossless_baseline,lossless_baseline,lz4,8,,1.5712792770639945,,1.7304639968642732,0.6493990031231078,0.0,0.0,0.0,,true,none,
lossless_baseline,lossless_baseline,raw,8,,1.0,,0.0471029879918205,0.0557750063308049,0.0,0.0,0.0,,true,none,
lossless_baseline,lossless_baseline,zstd_level_1,8,,1.8648579292438827,,14.019573009136366,3.459660008047649,0.0,0.0,0.0,,true,none,
lossless_baseline,lossless_baseline,zstd_level_3,8,,1.93278888575988,,18.11282899689104,22.04319899010443,0.0,0.0,0.0,,true,none,
lossless_baseline,lossless_baseline,zstd_level_9,8,,1.9681899046759248,,102.96021900376218,26.478840002710054,0.0,0.0,0.0,,true,none,
lossless_baseline,lossless_baseline,ccsds124_proxy_delta_rice,16,,0.0373774209195225,,12135.012804997132,12934.760366001685,0.0,0.0,0.0,,true,none,CCSDS-124-family proxy only; not a compliant CCSDS 124 implementation.
lossless_baseline,lossless_baseline,delta_int16,16,,0.9113125739061884,,3.4521760026109405,5.377912994845246,0.0,0.0,0.0,,true,none,Lossless for quantized int16 representation; float32 may differ after round-trip.
lossless_baseline,lossless_baseline,delta_rice,16,,0.0676800533769697,,6780.2553379997335,7261.143871008244,0.0,0.0,0.0,,true,none,Rice/Golomb-style proxy over signed deltas; not a standards-compliant Rice coder.
lossless_baseline,lossless_baseline,lz4,16,,1.7089859276718595,,1.5674970009058595,0.4659569931391161,0.0,0.0,0.0,,true,none,
lossless_baseline,lossless_baseline,raw,16,,1.0,,0.0233200034926994,0.0273629993898794,0.0,0.0,0.0,,true,none,
lossless_baseline,lossless_baseline,zstd_level_1,16,,2.113916698773426,,5.809987997054122,4.213454990349419,0.0,0.0,0.0,,true,none,
lossless_baseline,lossless_baseline,zstd_level_3,16,,2.146302729528536,,6.1920919970361865,3.253653996580397,0.0,0.0,0.0,,true,none,
lossless_baseline,lossless_baseline,zstd_level_9,16,,2.192593299494808,,24.635362984554376,3.074377019402164,0.0,0.0,0.0,,true,none,
lossless_baseline,lossless_baseline,ccsds124_proxy_delta_rice,32,,0.0374852888382713,,12600.452453999424,13582.87101699625,0.0,0.0,0.0,,true,none,CCSDS-124-family proxy only; not a compliant CCSDS 124 implementation.
lossless_baseline,lossless_baseline,delta_int16,32,,0.9535219995868622,,2.122824996149575,3.4758339998006704,0.0,0.0,0.0,,true,none,Lossless for quantized int16 representation; float32 may differ after round-trip.
lossless_baseline,lossless_baseline,delta_rice,32,,0.0680232375470209,,6887.922388998959,7448.765154994362,0.0,0.0,0.0,,true,none,Rice/Golomb-style proxy over signed deltas; not a standards-compliant Rice coder.
lossless_baseline,lossless_baseline,lz4,32,,1.8230421293961887,,1.5304290036510793,0.4042570008095936,0.0,0.0,0.0,,true,none,
lossless_baseline,lossless_baseline,raw,32,,1.0,,0.0129330064737587,0.0154029949044343,0.0,0.0,0.0,,true,none,
lossless_baseline,lossless_baseline,zstd_level_1,32,,2.313237518910741,,3.649926005891757,1.6851069949552766,0.0,0.0,0.0,,true,none,
lossless_baseline,lossless_baseline,zstd_level_3,32,,2.34397784867734,,3.969875995608163,1.5487769996980203,0.0,0.0,0.0,,true,none,
lossless_baseline,lossless_baseline,zstd_level_9,32,,2.398533318954108,,23.05115899980592,1.6637500029901275,0.0,0.0,0.0,,true,none,
lossless_baseline,lossless_baseline,ccsds124_proxy_delta_rice,64,,0.0374270779178822,,12528.198028006957,13312.71060799554,0.0,0.0,0.0,,true,none,CCSDS-124-family proxy only; not a compliant CCSDS 124 implementation.
lossless_baseline,lossless_baseline,delta_int16,64,,0.9761879563975024,,1.184507997095352,2.104459993461205,0.0,0.0,0.0,,true,none,Lossless for quantized int16 representation; float32 may differ after round-trip.
lossless_baseline,lossless_baseline,delta_rice,64,,0.0679649438122601,,6871.549120003692,7235.040026999741,0.0,0.0,0.0,,true,none,Rice/Golomb-style proxy over signed deltas; not a standards-compliant Rice coder.
lossless_baseline,lossless_baseline,lz4,64,,1.95650399518859,,1.6059210011007965,0.3679169958559214,0.0,0.0,0.0,,true,none,
lossless_baseline,lossless_baseline,raw,64,,1.0,,0.0097829988590092,0.0101960031315684,0.0,0.0,0.0,,true,none,
lossless_baseline,lossless_baseline,zstd_level_1,64,,2.5192078988854165,,3.137181002784928,1.5256939977916772,0.0,0.0,0.0,,true,none,
lossless_baseline,lossless_baseline,zstd_level_3,64,,2.562528572332839,,4.754248006975104,2.3085490001903963,0.0,0.0,0.0,,true,none,
lossless_baseline,lossless_baseline,zstd_level_9,64,,2.633514154267603,,35.281040998597746,1.4717369977006456,0.0,0.0,0.0,,true,none,
learned_compression,eps_only,fc_ae,16,4,144.0,576.0,0.46063,0.47013333,367383.5625,3356053.0,453964480.0,1494.752,false,worst_case_error_exceeds_bound,safety_rejected; ranking=safe_pass_then_CR_then_encode_latency
learned_compression,eps_only,fc_ae,16,8,72.0,288.0,0.47650667,0.49053667,402389.25,3514979.5,454547936.0,1498.752,false,worst_case_error_exceeds_bound,safety_rejected; ranking=safe_pass_then_CR_then_encode_latency
learned_compression,eps_only,fc_ae,16,16,36.0,144.0,0.59114,0.54251667,406063.4375,2987511.25,454193728.0,1506.752,false,worst_case_error_exceeds_bound,safety_rejected; ranking=safe_pass_then_CR_then_encode_latency
learned_compression,eps_only,weighted_fc_ae,16,4,144.0,576.0,0.43245333,0.49216667,367383.5625,3356053.0,453964480.0,1494.752,false,worst_case_error_exceeds_bound,safety_rejected; ranking=safe_pass_then_CR_then_encode_latency
learned_compression,eps_only,weighted_fc_ae,16,8,72.0,288.0,0.43721667,0.5059,402389.25,3514979.5,454547936.0,1498.752,false,worst_case_error_exceeds_bound,safety_rejected; ranking=safe_pass_then_CR_then_encode_latency
learned_compression,eps_only,weighted_fc_ae,16,16,36.0,144.0,0.45346,0.47391667,406063.4375,2987511.25,454193728.0,1506.752,false,worst_case_error_exceeds_bound,safety_rejected; ranking=safe_pass_then_CR_then_encode_latency
learned_compression,eps_only,fc_ae,8,4,26.0,104.0,0.61978333,0.45968333,1.77291393,4.10732841,36.93613815,489.752,false,worst_case_error_exceeds_bound,safety_rejected; ranking=safe_pass_then_CR_then_encode_latency
learned_compression,eps_only,fc_ae,8,4,26.0,104.0,0.47174333,0.37974,1.63134253,3.68380904,43.46882629,489.752,false,worst_case_error_exceeds_bound,safety_rejected; ranking=safe_pass_then_CR_then_encode_latency
learned_compression,eps_only,fc_ae,8,4,26.0,104.0,0.68240333,0.30369,1.64649725,3.50333238,35.09241867,489.752,false,worst_case_error_exceeds_bound,safety_rejected; ranking=safe_pass_then_CR_then_encode_latency
learned_compression,eps_only,fc_ae,8,8,13.0,52.0,0.34696333,0.35713,1.73092604,3.91548491,35.79203415,493.002,false,worst_case_error_exceeds_bound,safety_rejected; ranking=safe_pass_then_CR_then_encode_latency
learned_compression,eps_only,fc_ae,8,8,13.0,52.0,0.46618,0.49363667,1.59401548,3.41764951,33.92998123,493.002,false,worst_case_error_exceeds_bound,safety_rejected; ranking=safe_pass_then_CR_then_encode_latency
learned_compression,eps_only,fc_ae,8,8,13.0,52.0,0.35594,0.34920333,1.59038067,3.58677268,34.81250763,493.002,false,worst_case_error_exceeds_bound,safety_rejected; ranking=safe_pass_then_CR_then_encode_latency
learned_compression,eps_only,fc_ae,8,16,6.5,26.0,0.26851333,0.29205,1.7393496,4.2307744,58.55846405,499.502,false,worst_case_error_exceeds_bound,safety_rejected; ranking=safe_pass_then_CR_then_encode_latency
learned_compression,eps_only,fc_ae,8,16,6.5,26.0,0.32873,0.29629,1.63569069,3.73572183,47.35748672,499.502,false,worst_case_error_exceeds_bound,safety_rejected; ranking=safe_pass_then_CR_then_encode_latency
learned_compression,eps_only,fc_ae,8,16,6.5,26.0,0.25548,0.27521667,1.62054181,3.64328408,36.55220795,499.502,false,worst_case_error_exceeds_bound,safety_rejected; ranking=safe_pass_then_CR_then_encode_latency
learned_compression,eps_only,fc_ae,8,32,3.25,13.0,0.3598,0.32425333,1.38826907,3.62286925,48.49735641,512.564,false,worst_case_error_exceeds_bound,safety_rejected; ranking=safe_pass_then_CR_then_encode_latency
learned_compression,eps_only,fc_ae,8,32,3.25,13.0,0.28370667,0.28148667,1.3562721,3.21026039,43.32958984,512.564,false,worst_case_error_exceeds_bound,safety_rejected; ranking=safe_pass_then_CR_then_encode_latency
learned_compression,eps_only,fc_ae,8,32,3.25,13.0,0.32365,0.31034667,1.56069195,4.09967279,49.78885651,512.564,false,worst_case_error_exceeds_bound,safety_rejected; ranking=safe_pass_then_CR_then_encode_latency
learned_compression,eps_only,weighted_fc_ae,8,4,26.0,104.0,0.23597,0.22782,1.77291393,4.10732841,36.93613815,489.752,false,worst_case_error_exceeds_bound,safety_rejected; ranking=safe_pass_then_CR_then_encode_latency
learned_compression,eps_only,weighted_fc_ae,8,4,26.0,104.0,0.24784,0.24185333,1.63134253,3.68380904,43.46882629,489.752,false,worst_case_error_exceeds_bound,safety_rejected; ranking=safe_pass_then_CR_then_encode_latency
learned_compression,eps_only,weighted_fc_ae,8,4,26.0,104.0,0.23501667,0.22702667,1.64649725,3.50333238,35.09241867,489.752,false,worst_case_error_exceeds_bound,safety_rejected; ranking=safe_pass_then_CR_then_encode_latency
learned_compression,eps_only,weighted_fc_ae,8,8,13.0,52.0,0.3006,0.26714333,1.73092604,3.91548491,35.79203415,493.002,false,worst_case_error_exceeds_bound,safety_rejected; ranking=safe_pass_then_CR_then_encode_latency
learned_compression,eps_only,weighted_fc_ae,8,8,13.0,52.0,0.29479333,0.29889333,1.59401548,3.41764951,33.92998123,493.002,false,worst_case_error_exceeds_bound,safety_rejected; ranking=safe_pass_then_CR_then_encode_latency
learned_compression,eps_only,weighted_fc_ae,8,8,13.0,52.0,0.29191,0.28164667,1.59038067,3.58677268,34.81250763,493.002,false,worst_case_error_exceeds_bound,safety_rejected; ranking=safe_pass_then_CR_then_encode_latency
learned_compression,eps_only,weighted_fc_ae,8,16,6.5,26.0,0.24938,0.26002333,1.7393496,4.2307744,58.55846405,499.502,false,worst_case_error_exceeds_bound,safety_rejected; ranking=safe_pass_then_CR_then_encode_latency
learned_compression,eps_only,weighted_fc_ae,8,16,6.5,26.0,0.26704,0.26609,1.63569069,3.73572183,47.35748672,499.502,false,worst_case_error_exceeds_bound,safety_rejected; ranking=safe_pass_then_CR_then_encode_latency
learned_compression,eps_only,weighted_fc_ae,8,16,6.5,26.0,0.32236667,0.30198333,1.62054181,3.64328408,36.55220795,499.502,false,worst_case_error_exceeds_bound,safety_rejected; ranking=safe_pass_then_CR_then_encode_latency
learned_compression,eps_only,weighted_fc_ae,8,32,3.25,13.0,0.29516333,0.28312,1.38826907,3.62286925,48.49735641,512.564,false,worst_case_error_exceeds_bound,safety_rejected; ranking=safe_pass_then_CR_then_encode_latency
learned_compression,eps_only,weighted_fc_ae,8,32,3.25,13.0,0.31094667,0.3038,1.3562721,3.21026039,43.32958984,512.564,false,worst_case_error_exceeds_bound,safety_rejected; ranking=safe_pass_then_CR_then_encode_latency
learned_compression,eps_only,weighted_fc_ae,8,32,3.25,13.0,0.28139667,0.27557667,1.56069195,4.09967279,49.78885651,512.564,false,worst_case_error_exceeds_bound,safety_rejected; ranking=safe_pass_then_CR_then_encode_latency
learned_compression,eps_only,tcn_ae,8,4,26.0,104.0,0.86069,0.774,1.61100626,3.36178303,35.38549805,240.377,false,worst_case_error_exceeds_bound,safety_rejected; ranking=safe_pass_then_CR_then_encode_latency
learned_compression,eps_only,tcn_ae,8,4,26.0,104.0,0.75255667,0.74784333,1.85872507,4.23517704,48.50912476,240.377,false,worst_case_error_exceeds_bound,safety_rejected; ranking=safe_pass_then_CR_then_encode_latency
learned_compression,eps_only,tcn_ae,8,4,26.0,104.0,0.77685,0.72634,1.76329303,3.76506853,35.64593887,240.377,false,worst_case_error_exceeds_bound,safety_rejected; ranking=safe_pass_then_CR_then_encode_latency
learned_compression,eps_only,tcn_ae,8,8,13.0,52.0,1.07996333,0.82712667,1.70108199,3.68492985,37.6921196,253.377,false,worst_case_error_exceeds_bound,safety_rejected; ranking=safe_pass_then_CR_then_encode_latency
learned_compression,eps_only,tcn_ae,8,8,13.0,52.0,0.84908667,0.88114,1.79589689,3.97002912,63.35416794,253.377,false,worst_case_error_exceeds_bound,safety_rejected; ranking=safe_pass_then_CR_then_encode_latency
learned_compression,eps_only,tcn_ae,8,8,13.0,52.0,0.74991333,0.86572667,1.54437017,3.3178215,34.87439728,253.377,false,worst_case_error_exceeds_bound,safety_rejected; ranking=safe_pass_then_CR_then_encode_latency
learned_compression,eps_only,tcn_ae,8,16,6.5,26.0,0.78182667,0.79812,1.70761085,3.86792707,35.74813843,279.377,false,worst_case_error_exceeds_bound,safety_rejected; ranking=safe_pass_then_CR_then_encode_latency
learned_compression,eps_only,tcn_ae,8,16,6.5,26.0,0.76094667,0.76140333,1.72105992,3.99523306,43.60620117,279.377,false,worst_case_error_exceeds_bound,safety_rejected; ranking=safe_pass_then_CR_then_encode_latency
learned_compression,eps_only,tcn_ae,8,16,6.5,26.0,0.79936,0.79381,1.64263248,3.52874947,30.06116486,279.377,false,worst_case_error_exceeds_bound,safety_rejected; ranking=safe_pass_then_CR_then_encode_latency
learned_compression,eps_only,tcn_ae,8,32,3.25,13.0,1.04582,0.88003333,1.46517611,4.85543299,65.95467377,331.439,false,worst_case_error_exceeds_bound,safety_rejected; ranking=safe_pass_then_CR_then_encode_latency
learned_compression,eps_only,tcn_ae,8,32,3.25,13.0,0.97218,0.95938333,1.53059852,4.79964828,48.68363571,331.439,false,worst_case_error_exceeds_bound,safety_rejected; ranking=safe_pass_then_CR_then_encode_latency
learned_compression,eps_only,tcn_ae,8,32,3.25,13.0,0.78463667,0.85816667,1.40806389,3.99823189,43.24185562,331.439,false,worst_case_error_exceeds_bound,safety_rejected; ranking=safe_pass_then_CR_then_encode_latency
learned_compression,eps_only,fc_ae,16,4,52.0,208.0,0.37486667,0.43126333,1.69853246,3.66550851,34.50992584,756.627,false,worst_case_error_exceeds_bound,safety_rejected; ranking=safe_pass_then_CR_then_encode_latency
learned_compression,eps_only,fc_ae,16,4,52.0,208.0,0.36499333,0.35759333,1.60304964,3.42776132,35.14479828,756.627,false,worst_case_error_exceeds_bound,safety_rejected; ranking=safe_pass_then_CR_then_encode_latency
learned_compression,eps_only,fc_ae,16,4,52.0,208.0,0.38782667,0.36401667,1.59514272,3.40667772,34.45800018,756.627,false,worst_case_error_exceeds_bound,safety_rejected; ranking=safe_pass_then_CR_then_encode_latency
learned_compression,eps_only,fc_ae,16,8,26.0,104.0,0.31675,0.37410667,1.56883645,3.33489561,35.26383591,760.627,false,worst_case_error_exceeds_bound,safety_rejected; ranking=safe_pass_then_CR_then_encode_latency
learned_compression,eps_only,fc_ae,16,8,26.0,104.0,0.33877,0.36419333,1.56104529,3.38759041,35.86740875,760.627,false,worst_case_error_exceeds_bound,safety_rejected; ranking=safe_pass_then_CR_then_encode_latency
learned_compression,eps_only,fc_ae,16,8,26.0,104.0,0.37311667,0.359,1.5993489,3.45417976,35.35660934,760.627,false,worst_case_error_exceeds_bound,safety_rejected; ranking=safe_pass_then_CR_then_encode_latency
learned_compression,eps_only,fc_ae,16,16,13.0,52.0,0.31867,0.34657333,1.71758974,3.83413458,38.37166214,768.627,false,worst_case_error_exceeds_bound,safety_rejected; ranking=safe_pass_then_CR_then_encode_latency
learned_compression,eps_only,fc_ae,16,16,13.0,52.0,0.32528667,0.36505,1.62142992,3.58978724,42.86249161,768.627,false,worst_case_error_exceeds_bound,safety_rejected; ranking=safe_pass_then_CR_then_encode_latency
learned_compression,eps_only,fc_ae,16,16,13.0,52.0,0.40442667,0.6212,1.53747964,3.34269667,36.27842712,768.627,false,worst_case_error_exceeds_bound,safety_rejected; ranking=safe_pass_then_CR_then_encode_latency
learned_compression,eps_only,fc_ae,16,32,6.5,26.0,0.36736,0.36519333,1.56236362,3.32918501,38.89960098,784.689,false,worst_case_error_exceeds_bound,safety_rejected; ranking=safe_pass_then_CR_then_encode_latency
learned_compression,eps_only,fc_ae,16,32,6.5,26.0,0.36504333,0.45282333,1.48680007,3.23506308,30.77524376,784.689,false,worst_case_error_exceeds_bound,safety_rejected; ranking=safe_pass_then_CR_then_encode_latency
learned_compression,eps_only,fc_ae,16,32,6.5,26.0,0.39336,0.43488667,1.48358858,3.15246058,31.23492241,784.689,false,worst_case_error_exceeds_bound,safety_rejected; ranking=safe_pass_then_CR_then_encode_latency
learned_compression,eps_only,weighted_fc_ae,16,4,52.0,208.0,0.36417667,0.38989333,1.69853246,3.66550851,34.50992584,756.627,false,worst_case_error_exceeds_bound,safety_rejected; ranking=safe_pass_then_CR_then_encode_latency
learned_compression,eps_only,weighted_fc_ae,16,4,52.0,208.0,0.39543667,0.34215,1.60304964,3.42776132,35.14479828,756.627,false,worst_case_error_exceeds_bound,safety_rejected; ranking=safe_pass_then_CR_then_encode_latency
learned_compression,eps_only,weighted_fc_ae,16,4,52.0,208.0,0.34219333,0.32130667,1.59514272,3.40667772,34.45800018,756.627,false,worst_case_error_exceeds_bound,safety_rejected; ranking=safe_pass_then_CR_then_encode_latency
learned_compression,eps_only,weighted_fc_ae,16,8,26.0,104.0,0.46925667,0.46133333,1.56883645,3.33489561,35.26383591,760.627,false,worst_case_error_exceeds_bound,safety_rejected; ranking=safe_pass_then_CR_then_encode_latency
learned_compression,eps_only,weighted_fc_ae,16,8,26.0,104.0,0.43247667,0.40064667,1.56104529,3.38759041,35.86740875,760.627,false,worst_case_error_exceeds_bound,safety_rejected; ranking=safe_pass_then_CR_then_encode_latency
learned_compression,eps_only,weighted_fc_ae,16,8,26.0,104.0,0.32838,0.38391333,1.5993489,3.45417976,35.35660934,760.627,false,worst_case_error_exceeds_bound,safety_rejected; ranking=safe_pass_then_CR_then_encode_latency
learned_compression,eps_only,weighted_fc_ae,16,16,13.0,52.0,0.32929667,0.35264333,1.71758974,3.83413458,38.37166214,768.627,false,worst_case_error_exceeds_bound,safety_rejected; ranking=safe_pass_then_CR_then_encode_latency
learned_compression,eps_only,weighted_fc_ae,16,16,13.0,52.0,0.33382333,0.37151333,1.62142992,3.58978724,42.86249161,768.627,false,worst_case_error_exceeds_bound,safety_rejected; ranking=safe_pass_then_CR_then_encode_latency
learned_compression,eps_only,weighted_fc_ae,16,16,13.0,52.0,0.31989333,0.35248667,1.53747964,3.34269667,36.27842712,768.627,false,worst_case_error_exceeds_bound,safety_rejected; ranking=safe_pass_then_CR_then_encode_latency
learned_compression,eps_only,weighted_fc_ae,16,32,6.5,26.0,0.34764333,0.39765667,1.56236362,3.32918501,38.89960098,784.689,false,worst_case_error_exceeds_bound,safety_rejected; ranking=safe_pass_then_CR_then_encode_latency
learned_compression,eps_only,weighted_fc_ae,16,32,6.5,26.0,0.32169333,0.37614,1.48680007,3.23506308,30.77524376,784.689,false,worst_case_error_exceeds_bound,safety_rejected; ranking=safe_pass_then_CR_then_encode_latency
learned_compression,eps_only,weighted_fc_ae,16,32,6.5,26.0,0.32607,0.35443333,1.48358858,3.15246058,31.23492241,784.689,false,worst_case_error_exceeds_bound,safety_rejected; ranking=safe_pass_then_CR_then_encode_latency
learned_compression,eps_only,tcn_ae,16,4,52.0,208.0,0.94486,0.93664667,1.72037053,3.62790656,35.66236496,186.189,false,worst_case_error_exceeds_bound,safety_rejected; ranking=safe_pass_then_CR_then_encode_latency
learned_compression,eps_only,tcn_ae,16,4,52.0,208.0,1.01081,0.99200333,1.68322873,3.57851601,35.12135315,186.189,false,worst_case_error_exceeds_bound,safety_rejected; ranking=safe_pass_then_CR_then_encode_latency
learned_compression,eps_only,tcn_ae,16,4,52.0,208.0,1.15229667,1.67900667,1.79922354,3.82661819,35.18627548,186.189,false,worst_case_error_exceeds_bound,safety_rejected; ranking=safe_pass_then_CR_then_encode_latency
learned_compression,eps_only,tcn_ae,16,8,26.0,104.0,1.01822333,1.11572333,1.49245644,3.25921941,35.73509598,212.189,false,worst_case_error_exceeds_bound,safety_rejected; ranking=safe_pass_then_CR_then_encode_latency
learned_compression,eps_only,tcn_ae,16,8,26.0,104.0,0.95100333,0.91659667,1.67130375,3.57941866,34.62345123,212.189,false,worst_case_error_exceeds_bound,safety_rejected; ranking=safe_pass_then_CR_then_encode_latency
learned_compression,eps_only,tcn_ae,16,8,26.0,104.0,1.09398,1.21941,1.74721694,3.78026843,34.29819489,212.189,false,worst_case_error_exceeds_bound,safety_rejected; ranking=safe_pass_then_CR_then_encode_latency
learned_compression,eps_only,tcn_ae,16,16,13.0,52.0,0.92040667,0.9042,1.66826451,3.79078054,36.29914093,264.189,false,worst_case_error_exceeds_bound,safety_rejected; ranking=safe_pass_then_CR_then_encode_latency
learned_compression,eps_only,tcn_ae,16,16,13.0,52.0,0.99576,1.01443333,1.68864894,3.66109276,43.53483963,264.189,false,worst_case_error_exceeds_bound,safety_rejected; ranking=safe_pass_then_CR_then_encode_latency
learned_compression,eps_only,tcn_ae,16,16,13.0,52.0,1.00657,1.70799,1.49274528,3.18374348,34.95524979,264.189,false,worst_case_error_exceeds_bound,safety_rejected; ranking=safe_pass_then_CR_then_encode_latency
learned_compression,eps_only,tcn_ae,16,32,6.5,26.0,0.99901,1.0502,1.64337051,3.74905658,36.02047729,368.252,false,worst_case_error_exceeds_bound,safety_rejected; ranking=safe_pass_then_CR_then_encode_latency
learned_compression,eps_only,tcn_ae,16,32,6.5,26.0,0.96013667,0.95925,1.60204434,3.2594409,34.54221344,368.252,false,worst_case_error_exceeds_bound,safety_rejected; ranking=safe_pass_then_CR_then_encode_latency
learned_compression,eps_only,tcn_ae,16,32,6.5,26.0,1.0941,1.17771,1.70154107,3.77247238,43.43937302,368.252,false,worst_case_error_exceeds_bound,safety_rejected; ranking=safe_pass_then_CR_then_encode_latency
learned_compression,eps_only,fc_ae,32,4,104.0,416.0,0.38217667,0.41815,1.63080287,3.45444345,34.81527328,1137.002,false,worst_case_error_exceeds_bound,safety_rejected; ranking=safe_pass_then_CR_then_encode_latency
learned_compression,eps_only,fc_ae,32,4,104.0,416.0,0.34411,0.54201667,1.65143716,3.51664352,34.60661697,1137.002,false,worst_case_error_exceeds_bound,safety_rejected; ranking=safe_pass_then_CR_then_encode_latency
learned_compression,eps_only,fc_ae,32,4,104.0,416.0,0.33311333,0.3697,1.6594032,3.55036879,34.953125,1137.002,false,worst_case_error_exceeds_bound,safety_rejected; ranking=safe_pass_then_CR_then_encode_latency
learned_compression,eps_only,fc_ae,32,8,52.0,208.0,0.35765667,0.35627333,1.61384022,3.40594268,34.60489273,1141.002,false,worst_case_error_exceeds_bound,safety_rejected; ranking=safe_pass_then_CR_then_encode_latency
learned_compression,eps_only,fc_ae,32,8,52.0,208.0,0.38940333,0.33108,1.55737233,3.31253219,33.78969193,1141.002,false,worst_case_error_exceeds_bound,safety_rejected; ranking=safe_pass_then_CR_then_encode_latency
learned_compression,eps_only,fc_ae,32,8,52.0,208.0,0.30640333,0.34916,1.56556129,3.33735847,35.45040131,1141.002,false,worst_case_error_exceeds_bound,safety_rejected; ranking=safe_pass_then_CR_then_encode_latency
learned_compression,eps_only,fc_ae,32,16,26.0,104.0,0.36229333,0.34059333,1.58634889,3.37064862,35.38332748,1149.002,false,worst_case_error_exceeds_bound,safety_rejected; ranking=safe_pass_then_CR_then_encode_latency
learned_compression,eps_only,fc_ae,32,16,26.0,104.0,0.28920333,0.29829333,1.60236192,3.40973854,34.01050568,1149.002,false,worst_case_error_exceeds_bound,safety_rejected; ranking=safe_pass_then_CR_then_encode_latency
learned_compression,eps_only,fc_ae,32,16,26.0,104.0,0.36730333,0.37328333,1.59269238,3.39069891,35.90192795,1149.002,false,worst_case_error_exceeds_bound,safety_rejected; ranking=safe_pass_then_CR_then_encode_latency
learned_compression,eps_only,fc_ae,32,32,13.0,52.0,0.30049333,0.34053333,1.52730823,3.21796703,36.33534622,1165.064,false,worst_case_error_exceeds_bound,safety_rejected; ranking=safe_pass_then_CR_then_encode_latency
learned_compression,eps_only,fc_ae,32,32,13.0,52.0,0.35158667,0.41631,1.4927758,3.2135675,36.93924332,1165.064,false,worst_case_error_exceeds_bound,safety_rejected; ranking=safe_pass_then_CR_then_encode_latency
learned_compression,eps_only,fc_ae,32,32,13.0,52.0,0.30919333,0.34211667,1.49837887,3.20633674,37.08090973,1165.064,false,worst_case_error_exceeds_bound,safety_rejected; ranking=safe_pass_then_CR_then_encode_latency
learned_compression,eps_only,weighted_fc_ae,32,4,104.0,416.0,0.34293667,0.35699667,1.63080287,3.45444345,34.81527328,1137.002,false,worst_case_error_exceeds_bound,safety_rejected; ranking=safe_pass_then_CR_then_encode_latency
learned_compression,eps_only,weighted_fc_ae,32,4,104.0,416.0,0.26667,0.2997,1.65143716,3.51664352,34.60661697,1137.002,false,worst_case_error_exceeds_bound,safety_rejected; ranking=safe_pass_then_CR_then_encode_latency
learned_compression,eps_only,weighted_fc_ae,32,4,104.0,416.0,0.27767,0.29932333,1.6594032,3.55036879,34.953125,1137.002,false,worst_case_error_exceeds_bound,safety_rejected; ranking=safe_pass_then_CR_then_encode_latency
learned_compression,eps_only,weighted_fc_ae,32,8,52.0,208.0,0.32336,0.33768667,1.61384022,3.40594268,34.60489273,1141.002,false,worst_case_error_exceeds_bound,safety_rejected; ranking=safe_pass_then_CR_then_encode_latency
learned_compression,eps_only,weighted_fc_ae,32,8,52.0,208.0,0.30831,0.31303,1.55737233,3.31253219,33.78969193,1141.002,false,worst_case_error_exceeds_bound,safety_rejected; ranking=safe_pass_then_CR_then_encode_latency
learned_compression,eps_only,weighted_fc_ae,32,8,52.0,208.0,0.33584,0.33163667,1.56556129,3.33735847,35.45040131,1141.002,false,worst_case_error_exceeds_bound,safety_rejected; ranking=safe_pass_then_CR_then_encode_latency
learned_compression,eps_only,weighted_fc_ae,32,16,26.0,104.0,0.32397667,0.32940667,1.58634889,3.37064862,35.38332748,1149.002,false,worst_case_error_exceeds_bound,safety_rejected; ranking=safe_pass_then_CR_then_encode_latency
learned_compression,eps_only,weighted_fc_ae,32,16,26.0,104.0,0.28298667,0.39043333,1.60236192,3.40973854,34.01050568,1149.002,false,worst_case_error_exceeds_bound,safety_rejected; ranking=safe_pass_then_CR_then_encode_latency
learned_compression,eps_only,weighted_fc_ae,32,16,26.0,104.0,0.33993,1.00233333,1.59269238,3.39069891,35.90192795,1149.002,false,worst_case_error_exceeds_bound,safety_rejected; ranking=safe_pass_then_CR_then_encode_latency
learned_compression,eps_only,weighted_fc_ae,32,32,13.0,52.0,0.31232,0.30476333,1.52730823,3.21796703,36.33534622,1165.064,false,worst_case_error_exceeds_bound,safety_rejected; ranking=safe_pass_then_CR_then_encode_latency
learned_compression,eps_only,weighted_fc_ae,32,32,13.0,52.0,0.30210667,0.32558333,1.4927758,3.2135675,36.93924332,1165.064,false,worst_case_error_exceeds_bound,safety_rejected; ranking=safe_pass_then_CR_then_encode_latency
learned_compression,eps_only,weighted_fc_ae,32,32,13.0,52.0,0.35359667,0.35211,1.49837887,3.20633674,37.08090973,1165.064,false,worst_case_error_exceeds_bound,safety_rejected; ranking=safe_pass_then_CR_then_encode_latency
learned_compression,eps_only,tcn_ae,32,4,104.0,416.0,1.05219333,1.10357667,1.78570402,3.78441,35.14802933,179.002,false,worst_case_error_exceeds_bound,safety_rejected; ranking=safe_pass_then_CR_then_encode_latency
learned_compression,eps_only,tcn_ae,32,4,104.0,416.0,1.11335333,0.99221667,2.07583785,4.57947206,41.08574295,179.002,false,worst_case_error_exceeds_bound,safety_rejected; ranking=safe_pass_then_CR_then_encode_latency
learned_compression,eps_only,tcn_ae,32,4,104.0,416.0,1.16865,1.09711,1.77922416,3.78370833,36.10152817,179.002,false,worst_case_error_exceeds_bound,safety_rejected; ranking=safe_pass_then_CR_then_encode_latency
learned_compression,eps_only,tcn_ae,32,8,52.0,208.0,1.14671667,1.11678333,1.62366652,3.39654255,35.31349945,231.002,false,worst_case_error_exceeds_bound,safety_rejected; ranking=safe_pass_then_CR_then_encode_latency
learned_compression,eps_only,tcn_ae,32,8,52.0,208.0,0.94855667,0.96819,1.33871388,3.20917606,35.5214386,231.002,false,worst_case_error_exceeds_bound,safety_rejected; ranking=safe_pass_then_CR_then_encode_latency
learned_compression,eps_only,tcn_ae,32,8,52.0,208.0,0.97037,0.94932667,1.74289191,3.63226724,35.71179581,231.002,false,worst_case_error_exceeds_bound,safety_rejected; ranking=safe_pass_then_CR_then_encode_latency
learned_compression,eps_only,tcn_ae,32,16,26.0,104.0,1.01942,1.02523333,1.49717784,3.27798033,35.13605118,335.002,false,worst_case_error_exceeds_bound,safety_rejected; ranking=safe_pass_then_CR_then_encode_latency
learned_compression,eps_only,tcn_ae,32,16,26.0,104.0,0.98039,0.99066333,1.3822186,3.22784209,35.97419357,335.002,false,worst_case_error_exceeds_bound,safety_rejected; ranking=safe_pass_then_CR_then_encode_latency
learned_compression,eps_only,tcn_ae,32,16,26.0,104.0,1.04893,0.98697667,1.56769025,3.3893168,36.21017838,335.002,false,worst_case_error_exceeds_bound,safety_rejected; ranking=safe_pass_then_CR_then_encode_latency
learned_compression,eps_only,tcn_ae,32,32,13.0,52.0,1.08540667,1.02297,1.62202168,3.38069367,37.42339706,543.064,false,worst_case_error_exceeds_bound,safety_rejected; ranking=safe_pass_then_CR_then_encode_latency
learned_compression,eps_only,tcn_ae,32,32,13.0,52.0,1.40836,1.11490667,1.54589367,3.27229738,35.77607346,543.064,false,worst_case_error_exceeds_bound,safety_rejected; ranking=safe_pass_then_CR_then_encode_latency
learned_compression,eps_only,tcn_ae,32,32,13.0,52.0,0.96752,1.00326,1.55425358,3.18569922,33.39828873,543.064,false,worst_case_error_exceeds_bound,safety_rejected; ranking=safe_pass_then_CR_then_encode_latency
learned_compression,eps_only,fc_ae,64,4,208.0,832.0,0.23247,0.24725667,1.64774764,3.46974754,35.20532227,1952.377,false,worst_case_error_exceeds_bound,safety_rejected; ranking=safe_pass_then_CR_then_encode_latency
learned_compression,eps_only,fc_ae,64,4,208.0,832.0,0.23760333,0.25585667,1.65685213,3.53893185,34.36001587,1952.377,false,worst_case_error_exceeds_bound,safety_rejected; ranking=safe_pass_then_CR_then_encode_latency
learned_compression,eps_only,fc_ae,64,4,208.0,832.0,0.25422667,0.24085667,1.67634702,3.53398657,35.47892761,1952.377,false,worst_case_error_exceeds_bound,safety_rejected; ranking=safe_pass_then_CR_then_encode_latency
learned_compression,eps_only,fc_ae,64,8,104.0,416.0,0.24679,0.25500333,1.60812795,3.34567142,34.63240433,1956.377,false,worst_case_error_exceeds_bound,safety_rejected; ranking=safe_pass_then_CR_then_encode_latency
learned_compression,eps_only,fc_ae,64,8,104.0,416.0,0.24071667,0.24216333,1.59174573,3.37572455,34.91257095,1956.377,false,worst_case_error_exceeds_bound,safety_rejected; ranking=safe_pass_then_CR_then_encode_latency
learned_compression,eps_only,fc_ae,64,8,104.0,416.0,0.24610667,0.25862,1.58474028,3.361516,35.73497009,1956.377,false,worst_case_error_exceeds_bound,safety_rejected; ranking=safe_pass_then_CR_then_encode_latency
learned_compression,eps_only,fc_ae,64,16,52.0,208.0,0.2504,0.28437333,1.62586713,3.41602707,35.1271553,1964.377,false,worst_case_error_exceeds_bound,safety_rejected; ranking=safe_pass_then_CR_then_encode_latency
learned_compression,eps_only,fc_ae,64,16,52.0,208.0,0.27125,0.25405333,1.60453415,3.38024831,35.95798874,1964.377,false,worst_case_error_exceeds_bound,safety_rejected; ranking=safe_pass_then_CR_then_encode_latency
learned_compression,eps_only,fc_ae,64,16,52.0,208.0,0.29834667,0.30398667,1.60649931,3.4043076,35.30231476,1964.377,false,worst_case_error_exceeds_bound,safety_rejected; ranking=safe_pass_then_CR_then_encode_latency
learned_compression,eps_only,fc_ae,64,32,26.0,104.0,0.27412333,0.27926667,1.54026258,3.23056102,35.87736893,1980.439,false,worst_case_error_exceeds_bound,safety_rejected; ranking=safe_pass_then_CR_then_encode_latency
learned_compression,eps_only,fc_ae,64,32,26.0,104.0,0.29083,0.31512,1.57049668,3.30814028,34.98989487,1980.439,false,worst_case_error_exceeds_bound,safety_rejected; ranking=safe_pass_then_CR_then_encode_latency
learned_compression,eps_only,fc_ae,64,32,26.0,104.0,0.27161333,0.2745,1.55351961,3.29203939,35.66277695,1980.439,false,worst_case_error_exceeds_bound,safety_rejected; ranking=safe_pass_then_CR_then_encode_latency
learned_compression,eps_only,weighted_fc_ae,64,4,208.0,832.0,0.23475667,0.24373333,1.64774764,3.46974754,35.20532227,1952.377,false,worst_case_error_exceeds_bound,safety_rejected; ranking=safe_pass_then_CR_then_encode_latency
learned_compression,eps_only,weighted_fc_ae,64,4,208.0,832.0,0.34901333,0.25795667,1.65685213,3.53893185,34.36001587,1952.377,false,worst_case_error_exceeds_bound,safety_rejected; ranking=safe_pass_then_CR_then_encode_latency
learned_compression,eps_only,weighted_fc_ae,64,4,208.0,832.0,0.23939333,0.24946,1.67634702,3.53398657,35.47892761,1952.377,false,worst_case_error_exceeds_bound,safety_rejected; ranking=safe_pass_then_CR_then_encode_latency
learned_compression,eps_only,weighted_fc_ae,64,8,104.0,416.0,0.23828,0.24721,1.60812795,3.34567142,34.63240433,1956.377,false,worst_case_error_exceeds_bound,safety_rejected; ranking=safe_pass_then_CR_then_encode_latency
learned_compression,eps_only,weighted_fc_ae,64,8,104.0,416.0,0.22852333,0.25621667,1.59174573,3.37572455,34.91257095,1956.377,false,worst_case_error_exceeds_bound,safety_rejected; ranking=safe_pass_then_CR_then_encode_latency
learned_compression,eps_only,weighted_fc_ae,64,8,104.0,416.0,0.23364333,0.26141667,1.58474028,3.361516,35.73497009,1956.377,false,worst_case_error_exceeds_bound,safety_rejected; ranking=safe_pass_then_CR_then_encode_latency
learned_compression,eps_only,weighted_fc_ae,64,16,52.0,208.0,0.29364333,0.30632333,1.62586713,3.41602707,35.1271553,1964.377,false,worst_case_error_exceeds_bound,safety_rejected; ranking=safe_pass_then_CR_then_encode_latency
learned_compression,eps_only,weighted_fc_ae,64,16,52.0,208.0,0.23172333,0.25416667,1.60453415,3.38024831,35.95798874,1964.377,false,worst_case_error_exceeds_bound,safety_rejected; ranking=safe_pass_then_CR_then_encode_latency
learned_compression,eps_only,weighted_fc_ae,64,16,52.0,208.0,0.2986,0.53894333,1.60649931,3.4043076,35.30231476,1964.377,false,worst_case_error_exceeds_bound,safety_rejected; ranking=safe_pass_then_CR_then_encode_latency
learned_compression,eps_only,weighted_fc_ae,64,32,26.0,104.0,0.33498667,0.35174333,1.54026258,3.23056102,35.87736893,1980.439,false,worst_case_error_exceeds_bound,safety_rejected; ranking=safe_pass_then_CR_then_encode_latency
learned_compression,eps_only,weighted_fc_ae,64,32,26.0,104.0,0.27524667,0.29876,1.57049668,3.30814028,34.98989487,1980.439,false,worst_case_error_exceeds_bound,safety_rejected; ranking=safe_pass_then_CR_then_encode_latency
learned_compression,eps_only,weighted_fc_ae,64,32,26.0,104.0,0.36044,0.35528667,1.55351961,3.29203939,35.66277695,1980.439,false,worst_case_error_exceeds_bound,safety_rejected; ranking=safe_pass_then_CR_then_encode_latency
learned_compression,eps_only,tcn_ae,64,4,208.0,832.0,1.02573,0.92741667,1.83907354,3.90887475,35.68647385,219.252,false,worst_case_error_exceeds_bound,safety_rejected; ranking=safe_pass_then_CR_then_encode_latency
learned_compression,eps_only,tcn_ae,64,4,208.0,832.0,1.00317333,0.92079667,1.92291832,4.08893061,36.36263275,219.252,false,worst_case_error_exceeds_bound,safety_rejected; ranking=safe_pass_then_CR_then_encode_latency
learned_compression,eps_only,tcn_ae,64,4,208.0,832.0,1.00596667,0.94009667,1.9170686,4.00670004,36.50354767,219.252,false,worst_case_error_exceeds_bound,safety_rejected; ranking=safe_pass_then_CR_then_encode_latency
learned_compression,eps_only,tcn_ae,64,8,104.0,416.0,0.96475,0.96708,1.45146525,3.27008653,34.6988678,323.252,false,worst_case_error_exceeds_bound,safety_rejected; ranking=safe_pass_then_CR_then_encode_latency
learned_compression,eps_only,tcn_ae,64,8,104.0,416.0,0.95265667,0.90938667,1.87877905,3.99431801,35.48417664,323.252,false,worst_case_error_exceeds_bound,safety_rejected; ranking=safe_pass_then_CR_then_encode_latency
learned_compression,eps_only,tcn_ae,64,8,104.0,416.0,1.00184667,0.96593,1.80621803,3.6621623,36.29837799,323.252,false,worst_case_error_exceeds_bound,safety_rejected; ranking=safe_pass_then_CR_then_encode_latency
learned_compression,eps_only,tcn_ae,64,16,52.0,208.0,1.07713333,1.00938,1.64804876,3.42308211,35.23541641,531.252,false,worst_case_error_exceeds_bound,safety_rejected; ranking=safe_pass_then_CR_then_encode_latency
learned_compression,eps_only,tcn_ae,64,16,52.0,208.0,0.95701,0.93899333,1.3698051,3.34320378,34.43613434,531.252,false,worst_case_error_exceeds_bound,safety_rejected; ranking=safe_pass_then_CR_then_encode_latency
learned_compression,eps_only,tcn_ae,64,32,26.0,104.0,1.19844,1.00394667,1.57735264,3.30995989,34.78627777,947.314,false,worst_case_error_exceeds_bound,safety_rejected; ranking=safe_pass_then_CR_then_encode_latency
learned_compression,eps_only,tcn_ae,64,32,26.0,104.0,1.05054,1.12975667,1.78110802,3.72982264,35.07617188,947.314,false,worst_case_error_exceeds_bound,safety_rejected; ranking=safe_pass_then_CR_then_encode_latency
learned_compression,eps_only,tcn_ae,64,32,26.0,104.0,1.07981333,0.98348333,1.74542034,3.55026269,35.70188522,947.314,false,worst_case_error_exceeds_bound,safety_rejected; ranking=safe_pass_then_CR_then_encode_latency
learned_compression_all_numeric_stress_test,all_numeric_stress_test,fc_ae,8,4,72.0,288.0,0.36322,0.38777667,637224.0,4740870.0,449532032.0,986.377,false,worst_case_error_exceeds_bound,safety_rejected; ranking=safe_pass_then_CR_then_encode_latency
learned_compression_all_numeric_stress_test,all_numeric_stress_test,fc_ae,8,4,72.0,288.0,0.38858,0.38811667,437933.59375,3618169.25,452299488.0,986.377,false,worst_case_error_exceeds_bound,safety_rejected; ranking=safe_pass_then_CR_then_encode_latency
learned_compression_all_numeric_stress_test,all_numeric_stress_test,fc_ae,8,4,72.0,288.0,0.35255667,0.36792,709666.0,9986960.0,641645888.0,986.377,false,worst_case_error_exceeds_bound,safety_rejected; ranking=safe_pass_then_CR_then_encode_latency
learned_compression_all_numeric_stress_test,all_numeric_stress_test,fc_ae,8,8,36.0,144.0,0.36159,0.39381333,730661.75,6698290.5,703076288.0,990.377,false,worst_case_error_exceeds_bound,safety_rejected; ranking=safe_pass_then_CR_then_encode_latency
learned_compression_all_numeric_stress_test,all_numeric_stress_test,fc_ae,8,8,36.0,144.0,0.36184667,0.40395333,573354.6875,3891838.25,438390272.0,990.377,false,worst_case_error_exceeds_bound,safety_rejected; ranking=safe_pass_then_CR_then_encode_latency
learned_compression_all_numeric_stress_test,all_numeric_stress_test,fc_ae,8,8,36.0,144.0,0.37616667,0.41591667,719442.625,7682322.0,443736160.0,990.377,false,worst_case_error_exceeds_bound,safety_rejected; ranking=safe_pass_then_CR_then_encode_latency
learned_compression_all_numeric_stress_test,all_numeric_stress_test,fc_ae,8,16,18.0,72.0,0.38296333,0.43244,559828.0,3169530.0,405948640.0,998.377,false,worst_case_error_exceeds_bound,safety_rejected; ranking=safe_pass_then_CR_then_encode_latency
learned_compression_all_numeric_stress_test,all_numeric_stress_test,fc_ae,8,16,18.0,72.0,0.41612333,0.41861,606078.0,3504815.25,417370432.0,998.377,false,worst_case_error_exceeds_bound,safety_rejected; ranking=safe_pass_then_CR_then_encode_latency
learned_compression_all_numeric_stress_test,all_numeric_stress_test,fc_ae,8,16,18.0,72.0,0.36102333,0.38674667,725592.9375,4420145.5,469987424.0,998.377,false,worst_case_error_exceeds_bound,safety_rejected; ranking=safe_pass_then_CR_then_encode_latency
learned_compression_all_numeric_stress_test,all_numeric_stress_test,fc_ae,8,32,9.0,36.0,0.44843333,0.44311333,675204.3125,3437683.0,334062112.0,1014.439,false,worst_case_error_exceeds_bound,safety_rejected; ranking=safe_pass_then_CR_then_encode_latency
learned_compression_all_numeric_stress_test,all_numeric_stress_test,fc_ae,8,32,9.0,36.0,0.36545333,0.36925333,749423.9375,4491961.0,649541824.0,1014.439,false,worst_case_error_exceeds_bound,safety_rejected; ranking=safe_pass_then_CR_then_encode_latency
learned_compression_all_numeric_stress_test,all_numeric_stress_test,fc_ae,8,32,9.0,36.0,0.35784667,0.40706667,806015.75,5495242.5,500490336.0,1014.439,false,worst_case_error_exceeds_bound,safety_rejected; ranking=safe_pass_then_CR_then_encode_latency
learned_compression_all_numeric_stress_test,all_numeric_stress_test,weighted_fc_ae,8,4,72.0,288.0,0.36143667,0.38999333,637224.0,4740870.0,449532032.0,986.439,false,worst_case_error_exceeds_bound,safety_rejected; ranking=safe_pass_then_CR_then_encode_latency
learned_compression_all_numeric_stress_test,all_numeric_stress_test,weighted_fc_ae,8,4,72.0,288.0,0.40716333,0.42807667,437933.59375,3618169.25,452299488.0,986.439,false,worst_case_error_exceeds_bound,safety_rejected; ranking=safe_pass_then_CR_then_encode_latency
learned_compression_all_numeric_stress_test,all_numeric_stress_test,weighted_fc_ae,8,4,72.0,288.0,0.35723,0.38825667,709666.0,9986960.0,641645888.0,986.439,false,worst_case_error_exceeds_bound,safety_rejected; ranking=safe_pass_then_CR_then_encode_latency
learned_compression_all_numeric_stress_test,all_numeric_stress_test,weighted_fc_ae,8,8,36.0,144.0,0.35415,0.39175,730661.75,6698290.5,703076288.0,990.439,false,worst_case_error_exceeds_bound,safety_rejected; ranking=safe_pass_then_CR_then_encode_latency
learned_compression_all_numeric_stress_test,all_numeric_stress_test,weighted_fc_ae,8,8,36.0,144.0,0.37457667,0.40182,573354.6875,3891838.25,438390272.0,990.439,false,worst_case_error_exceeds_bound,safety_rejected; ranking=safe_pass_then_CR_then_encode_latency
learned_compression_all_numeric_stress_test,all_numeric_stress_test,weighted_fc_ae,8,8,36.0,144.0,0.35446667,0.38841667,719442.625,7682322.0,443736160.0,990.439,false,worst_case_error_exceeds_bound,safety_rejected; ranking=safe_pass_then_CR_then_encode_latency
learned_compression_all_numeric_stress_test,all_numeric_stress_test,weighted_fc_ae,8,16,18.0,72.0,0.38316,0.41701333,559828.0,3169530.0,405948640.0,998.439,false,worst_case_error_exceeds_bound,safety_rejected; ranking=safe_pass_then_CR_then_encode_latency
learned_compression_all_numeric_stress_test,all_numeric_stress_test,weighted_fc_ae,8,16,18.0,72.0,1.11160667,0.99981,606078.0,3504815.25,417370432.0,998.439,false,worst_case_error_exceeds_bound,safety_rejected; ranking=safe_pass_then_CR_then_encode_latency
learned_compression_all_numeric_stress_test,all_numeric_stress_test,weighted_fc_ae,8,16,18.0,72.0,0.39425667,0.42153,725592.9375,4420145.5,469987424.0,998.439,false,worst_case_error_exceeds_bound,safety_rejected; ranking=safe_pass_then_CR_then_encode_latency
learned_compression_all_numeric_stress_test,all_numeric_stress_test,weighted_fc_ae,8,32,9.0,36.0,0.35901667,0.39765333,675204.3125,3437683.0,334062112.0,1014.502,false,worst_case_error_exceeds_bound,safety_rejected; ranking=safe_pass_then_CR_then_encode_latency
learned_compression_all_numeric_stress_test,all_numeric_stress_test,weighted_fc_ae,8,32,9.0,36.0,0.36741333,0.39975,749423.9375,4491961.0,649541824.0,1014.502,false,worst_case_error_exceeds_bound,safety_rejected; ranking=safe_pass_then_CR_then_encode_latency
learned_compression_all_numeric_stress_test,all_numeric_stress_test,weighted_fc_ae,8,32,9.0,36.0,0.40632333,0.40383667,806015.75,5495242.5,500490336.0,1014.502,false,worst_case_error_exceeds_bound,safety_rejected; ranking=safe_pass_then_CR_then_encode_latency
learned_compression_all_numeric_stress_test,all_numeric_stress_test,tcn_ae,8,4,72.0,288.0,0.84161333,0.84287,494075.8125,3918077.0,439245792.0,315.314,false,worst_case_error_exceeds_bound,safety_rejected; ranking=safe_pass_then_CR_then_encode_latency
learned_compression_all_numeric_stress_test,all_numeric_stress_test,tcn_ae,8,4,72.0,288.0,0.83185333,0.85018333,380999.03125,3228832.5,530154720.0,315.314,false,worst_case_error_exceeds_bound,safety_rejected; ranking=safe_pass_then_CR_then_encode_latency
learned_compression_all_numeric_stress_test,all_numeric_stress_test,tcn_ae,8,4,72.0,288.0,0.89158,0.88797667,415450.28125,3263503.25,452197920.0,315.314,false,worst_case_error_exceeds_bound,safety_rejected; ranking=safe_pass_then_CR_then_encode_latency
learned_compression_all_numeric_stress_test,all_numeric_stress_test,tcn_ae,8,8,36.0,144.0,0.94397,0.88870667,717270.1875,4542691.0,439297856.0,331.314,false,worst_case_error_exceeds_bound,safety_rejected; ranking=safe_pass_then_CR_then_encode_latency
learned_compression_all_numeric_stress_test,all_numeric_stress_test,tcn_ae,8,8,36.0,144.0,0.85629333,0.84291333,579145.375,3933691.25,437299232.0,331.314,false,worst_case_error_exceeds_bound,safety_rejected; ranking=safe_pass_then_CR_then_encode_latency
learned_compression_all_numeric_stress_test,all_numeric_stress_test,tcn_ae,8,8,36.0,144.0,0.87384667,0.85826333,583200.5625,4170351.75,552821952.0,331.314,false,worst_case_error_exceeds_bound,safety_rejected; ranking=safe_pass_then_CR_then_encode_latency
learned_compression_all_numeric_stress_test,all_numeric_stress_test,tcn_ae,8,16,18.0,72.0,0.87127667,0.84504333,670405.9375,5312040.5,1369448832.0,363.314,false,worst_case_error_exceeds_bound,safety_rejected; ranking=safe_pass_then_CR_then_encode_latency
learned_compression_all_numeric_stress_test,all_numeric_stress_test,tcn_ae,8,16,18.0,72.0,0.84476667,0.844,551263.8125,3526428.5,518815808.0,363.314,false,worst_case_error_exceeds_bound,safety_rejected; ranking=safe_pass_then_CR_then_encode_latency
learned_compression_all_numeric_stress_test,all_numeric_stress_test,tcn_ae,8,16,18.0,72.0,0.82922667,0.86037333,537382.0,3635627.0,524649664.0,363.314,false,worst_case_error_exceeds_bound,safety_rejected; ranking=safe_pass_then_CR_then_encode_latency
learned_compression_all_numeric_stress_test,all_numeric_stress_test,tcn_ae,8,32,9.0,36.0,1.03350333,0.98685333,575742.8125,3502194.5,388345504.0,427.377,false,worst_case_error_exceeds_bound,safety_rejected; ranking=safe_pass_then_CR_then_encode_latency
learned_compression_all_numeric_stress_test,all_numeric_stress_test,tcn_ae,8,32,9.0,36.0,0.85379667,0.90779667,559378.0625,4345588.5,859693248.0,427.377,false,worst_case_error_exceeds_bound,safety_rejected; ranking=safe_pass_then_CR_then_encode_latency
learned_compression_all_numeric_stress_test,all_numeric_stress_test,tcn_ae,8,32,9.0,36.0,0.83350333,0.90368333,440855.90625,3154033.0,584698944.0,427.377,false,worst_case_error_exceeds_bound,safety_rejected; ranking=safe_pass_then_CR_then_encode_latency
learned_compression_all_numeric_stress_test,all_numeric_stress_test,fc_ae,16,4,144.0,576.0,0.47770333,0.50658333,425508.5,3524053.75,452230240.0,1494.752,false,worst_case_error_exceeds_bound,safety_rejected; ranking=safe_pass_then_CR_then_encode_latency
learned_compression_all_numeric_stress_test,all_numeric_stress_test,fc_ae,16,4,144.0,576.0,0.46714667,0.47481,337153.0625,3025289.5,454027584.0,1494.752,false,worst_case_error_exceeds_bound,safety_rejected; ranking=safe_pass_then_CR_then_encode_latency
learned_compression_all_numeric_stress_test,all_numeric_stress_test,fc_ae,16,4,144.0,576.0,0.45462667,0.47432,364389.6875,3108614.0,454642784.0,1494.752,false,worst_case_error_exceeds_bound,safety_rejected; ranking=safe_pass_then_CR_then_encode_latency
learned_compression_all_numeric_stress_test,all_numeric_stress_test,fc_ae,16,8,72.0,288.0,0.59815667,0.50162,554971.25,5091986.5,454985120.0,1498.752,false,worst_case_error_exceeds_bound,safety_rejected; ranking=safe_pass_then_CR_then_encode_latency
learned_compression_all_numeric_stress_test,all_numeric_stress_test,fc_ae,16,8,72.0,288.0,0.46649,0.46780667,416887.90625,3371637.75,454317024.0,1498.752,false,worst_case_error_exceeds_bound,safety_rejected; ranking=safe_pass_then_CR_then_encode_latency
learned_compression_all_numeric_stress_test,all_numeric_stress_test,fc_ae,16,8,72.0,288.0,0.45285,0.48974667,516664.9375,5678185.5,455226464.0,1498.752,false,worst_case_error_exceeds_bound,safety_rejected; ranking=safe_pass_then_CR_then_encode_latency
learned_compression_all_numeric_stress_test,all_numeric_stress_test,fc_ae,16,16,36.0,144.0,0.50331333,0.47333667,456960.8125,3328395.5,454333024.0,1506.752,false,worst_case_error_exceeds_bound,safety_rejected; ranking=safe_pass_then_CR_then_encode_latency
learned_compression_all_numeric_stress_test,all_numeric_stress_test,fc_ae,16,16,36.0,144.0,0.42984333,0.48822,405176.65625,3080242.25,454737088.0,1506.752,false,worst_case_error_exceeds_bound,safety_rejected; ranking=safe_pass_then_CR_then_encode_latency
learned_compression_all_numeric_stress_test,all_numeric_stress_test,fc_ae,16,16,36.0,144.0,0.4591,0.48409667,486160.28125,4015189.75,454404256.0,1506.752,false,worst_case_error_exceeds_bound,safety_rejected; ranking=safe_pass_then_CR_then_encode_latency
learned_compression_all_numeric_stress_test,all_numeric_stress_test,fc_ae,16,32,18.0,72.0,0.44809,0.47796333,526083.6875,3825943.5,794858944.0,1522.814,false,worst_case_error_exceeds_bound,safety_rejected; ranking=safe_pass_then_CR_then_encode_latency
learned_compression_all_numeric_stress_test,all_numeric_stress_test,fc_ae,16,32,18.0,72.0,0.47573667,0.54795,473868.34375,3181788.75,454787296.0,1522.814,false,worst_case_error_exceeds_bound,safety_rejected; ranking=safe_pass_then_CR_then_encode_latency
learned_compression_all_numeric_stress_test,all_numeric_stress_test,fc_ae,16,32,18.0,72.0,0.46364667,0.48391,489452.40625,3444999.5,454638848.0,1522.814,false,worst_case_error_exceeds_bound,safety_rejected; ranking=safe_pass_then_CR_then_encode_latency
learned_compression_all_numeric_stress_test,all_numeric_stress_test,weighted_fc_ae,16,4,144.0,576.0,0.48674333,0.50797333,425508.5,3524053.75,452230240.0,1494.752,false,worst_case_error_exceeds_bound,safety_rejected; ranking=safe_pass_then_CR_then_encode_latency
learned_compression_all_numeric_stress_test,all_numeric_stress_test,weighted_fc_ae,16,4,144.0,576.0,0.45749667,0.46936,337153.0625,3025289.5,454027584.0,1494.752,false,worst_case_error_exceeds_bound,safety_rejected; ranking=safe_pass_then_CR_then_encode_latency
learned_compression_all_numeric_stress_test,all_numeric_stress_test,weighted_fc_ae,16,4,144.0,576.0,0.49490333,0.48596333,364389.6875,3108614.0,454642784.0,1494.752,false,worst_case_error_exceeds_bound,safety_rejected; ranking=safe_pass_then_CR_then_encode_latency
learned_compression_all_numeric_stress_test,all_numeric_stress_test,weighted_fc_ae,16,8,72.0,288.0,0.47091,0.48017667,554971.25,5091986.5,454985120.0,1498.752,false,worst_case_error_exceeds_bound,safety_rejected; ranking=safe_pass_then_CR_then_encode_latency
learned_compression_all_numeric_stress_test,all_numeric_stress_test,weighted_fc_ae,16,8,72.0,288.0,0.46700667,0.47378333,416887.90625,3371637.75,454317024.0,1498.752,false,worst_case_error_exceeds_bound,safety_rejected; ranking=safe_pass_then_CR_then_encode_latency
learned_compression_all_numeric_stress_test,all_numeric_stress_test,weighted_fc_ae,16,8,72.0,288.0,0.48466,0.48297333,516664.9375,5678185.5,455226464.0,1498.752,false,worst_case_error_exceeds_bound,safety_rejected; ranking=safe_pass_then_CR_then_encode_latency
learned_compression_all_numeric_stress_test,all_numeric_stress_test,weighted_fc_ae,16,16,36.0,144.0,0.44475333,0.49598667,456960.8125,3328395.5,454333024.0,1506.752,false,worst_case_error_exceeds_bound,safety_rejected; ranking=safe_pass_then_CR_then_encode_latency
learned_compression_all_numeric_stress_test,all_numeric_stress_test,weighted_fc_ae,16,16,36.0,144.0,0.73477333,0.48826,405176.65625,3080242.25,454737088.0,1506.752,false,worst_case_error_exceeds_bound,safety_rejected; ranking=safe_pass_then_CR_then_encode_latency
learned_compression_all_numeric_stress_test,all_numeric_stress_test,weighted_fc_ae,16,16,36.0,144.0,0.47376,0.505,486160.28125,4015189.75,454404256.0,1506.752,false,worst_case_error_exceeds_bound,safety_rejected; ranking=safe_pass_then_CR_then_encode_latency
learned_compression_all_numeric_stress_test,all_numeric_stress_test,weighted_fc_ae,16,32,18.0,72.0,0.46578667,0.4926,526083.6875,3825943.5,794858944.0,1522.814,false,worst_case_error_exceeds_bound,safety_rejected; ranking=safe_pass_then_CR_then_encode_latency
learned_compression_all_numeric_stress_test,all_numeric_stress_test,weighted_fc_ae,16,32,18.0,72.0,0.45397,0.49474333,473868.34375,3181788.75,454787296.0,1522.814,false,worst_case_error_exceeds_bound,safety_rejected; ranking=safe_pass_then_CR_then_encode_latency
learned_compression_all_numeric_stress_test,all_numeric_stress_test,weighted_fc_ae,16,32,18.0,72.0,0.45682667,0.5205,489452.40625,3444999.5,454638848.0,1522.814,false,worst_case_error_exceeds_bound,safety_rejected; ranking=safe_pass_then_CR_then_encode_latency
learned_compression_all_numeric_stress_test,all_numeric_stress_test,tcn_ae,16,4,144.0,576.0,1.07061333,1.10315333,341412.4375,3034223.5,453976384.0,264.502,false,worst_case_error_exceeds_bound,safety_rejected; ranking=safe_pass_then_CR_then_encode_latency
learned_compression_all_numeric_stress_test,all_numeric_stress_test,tcn_ae,16,4,144.0,576.0,1.12798667,1.17695667,312889.65625,2911066.5,445940768.0,264.502,false,worst_case_error_exceeds_bound,safety_rejected; ranking=safe_pass_then_CR_then_encode_latency
learned_compression_all_numeric_stress_test,all_numeric_stress_test,tcn_ae,16,4,144.0,576.0,1.11660667,1.10232,306074.71875,2896919.5,452381184.0,264.502,false,worst_case_error_exceeds_bound,safety_rejected; ranking=safe_pass_then_CR_then_encode_latency
learned_compression_all_numeric_stress_test,all_numeric_stress_test,tcn_ae,16,8,72.0,288.0,1.10636,1.15468333,436407.1875,3303807.0,457873920.0,296.502,false,worst_case_error_exceeds_bound,safety_rejected; ranking=safe_pass_then_CR_then_encode_latency
learned_compression_all_numeric_stress_test,all_numeric_stress_test,tcn_ae,16,8,72.0,288.0,1.04572,1.08700667,418031.5,3390851.25,457260256.0,296.502,false,worst_case_error_exceeds_bound,safety_rejected; ranking=safe_pass_then_CR_then_encode_latency
learned_compression_all_numeric_stress_test,all_numeric_stress_test,tcn_ae,16,8,72.0,288.0,1.46922333,1.32256,389140.875,3087006.0,451944064.0,296.502,false,worst_case_error_exceeds_bound,safety_rejected; ranking=safe_pass_then_CR_then_encode_latency
learned_compression_all_numeric_stress_test,all_numeric_stress_test,tcn_ae,16,16,36.0,144.0,1.13968333,1.1587,545488.0625,3863063.75,452838176.0,360.502,false,worst_case_error_exceeds_bound,safety_rejected; ranking=safe_pass_then_CR_then_encode_latency
learned_compression_all_numeric_stress_test,all_numeric_stress_test,tcn_ae,16,16,36.0,144.0,1.12975333,1.13090667,407691.0,3185101.0,452401600.0,360.502,false,worst_case_error_exceeds_bound,safety_rejected; ranking=safe_pass_then_CR_then_encode_latency
learned_compression_all_numeric_stress_test,all_numeric_stress_test,tcn_ae,16,16,36.0,144.0,1.14545333,1.09921,370556.03125,3069939.75,453245760.0,360.502,false,worst_case_error_exceeds_bound,safety_rejected; ranking=safe_pass_then_CR_then_encode_latency
learned_compression_all_numeric_stress_test,all_numeric_stress_test,tcn_ae,16,32,18.0,72.0,1.15502,1.21902,441458.59375,3137759.5,555165824.0,488.564,false,worst_case_error_exceeds_bound,safety_rejected; ranking=safe_pass_then_CR_then_encode_latency
learned_compression_all_numeric_stress_test,all_numeric_stress_test,tcn_ae,16,32,18.0,72.0,1.11094333,1.10129,572611.375,4180409.75,696974272.0,488.564,false,worst_case_error_exceeds_bound,safety_rejected; ranking=safe_pass_then_CR_then_encode_latency
learned_compression_all_numeric_stress_test,all_numeric_stress_test,tcn_ae,16,32,18.0,72.0,1.16249,1.14443333,457478.8125,3378885.25,553744896.0,488.564,false,worst_case_error_exceeds_bound,safety_rejected; ranking=safe_pass_then_CR_then_encode_latency
learned_compression_all_numeric_stress_test,all_numeric_stress_test,fc_ae,32,4,288.0,1152.0,0.43535,0.47306333,342221.90625,3221542.5,454932384.0,2612.564,false,worst_case_error_exceeds_bound,safety_rejected; ranking=safe_pass_then_CR_then_encode_latency
learned_compression_all_numeric_stress_test,all_numeric_stress_test,fc_ae,32,4,288.0,1152.0,0.42957333,0.43762,405861.875,3566625.75,537033984.0,2612.564,false,worst_case_error_exceeds_bound,safety_rejected; ranking=safe_pass_then_CR_then_encode_latency
learned_compression_all_numeric_stress_test,all_numeric_stress_test,fc_ae,32,4,288.0,1152.0,0.51756667,0.4559,299341.65625,3049638.75,454688544.0,2612.564,false,worst_case_error_exceeds_bound,safety_rejected; ranking=safe_pass_then_CR_then_encode_latency
learned_compression_all_numeric_stress_test,all_numeric_stress_test,fc_ae,32,8,144.0,576.0,0.43957,0.49864,382607.34375,3166544.5,454427808.0,2616.564,false,worst_case_error_exceeds_bound,safety_rejected; ranking=safe_pass_then_CR_then_encode_latency
learned_compression_all_numeric_stress_test,all_numeric_stress_test,fc_ae,32,8,144.0,576.0,0.46976667,0.50746667,400049.78125,3577305.25,455598432.0,2616.564,false,worst_case_error_exceeds_bound,safety_rejected; ranking=safe_pass_then_CR_then_encode_latency
learned_compression_all_numeric_stress_test,all_numeric_stress_test,fc_ae,32,8,144.0,576.0,0.45886667,0.45682667,335131.9375,3037338.5,454755008.0,2616.564,false,worst_case_error_exceeds_bound,safety_rejected; ranking=safe_pass_then_CR_then_encode_latency
learned_compression_all_numeric_stress_test,all_numeric_stress_test,fc_ae,32,16,72.0,288.0,0.48671333,0.52198667,355744.59375,2892836.25,453751616.0,2624.564,false,worst_case_error_exceeds_bound,safety_rejected; ranking=safe_pass_then_CR_then_encode_latency
learned_compression_all_numeric_stress_test,all_numeric_stress_test,fc_ae,32,16,72.0,288.0,0.53452,0.50974667,393404.28125,3351114.0,572994944.0,2624.564,false,worst_case_error_exceeds_bound,safety_rejected; ranking=safe_pass_then_CR_then_encode_latency
learned_compression_all_numeric_stress_test,all_numeric_stress_test,fc_ae,32,16,72.0,288.0,0.47417333,0.50178333,388296.28125,3036401.0,454856128.0,2624.564,false,worst_case_error_exceeds_bound,safety_rejected; ranking=safe_pass_then_CR_then_encode_latency
learned_compression_all_numeric_stress_test,all_numeric_stress_test,fc_ae,32,32,36.0,144.0,0.52387667,0.53401667,432936.34375,3483253.25,477931392.0,2640.627,false,worst_case_error_exceeds_bound,safety_rejected; ranking=safe_pass_then_CR_then_encode_latency
learned_compression_all_numeric_stress_test,all_numeric_stress_test,fc_ae,32,32,36.0,144.0,0.48377667,0.50755667,413788.8125,3209268.25,454401696.0,2640.627,false,worst_case_error_exceeds_bound,safety_rejected; ranking=safe_pass_then_CR_then_encode_latency
learned_compression_all_numeric_stress_test,all_numeric_stress_test,fc_ae,32,32,36.0,144.0,0.45658,0.49402667,446394.21875,3252109.0,454389568.0,2640.627,false,worst_case_error_exceeds_bound,safety_rejected; ranking=safe_pass_then_CR_then_encode_latency
learned_compression_all_numeric_stress_test,all_numeric_stress_test,weighted_fc_ae,32,4,288.0,1152.0,0.40990667,0.47281,342221.90625,3221542.5,454932384.0,2612.564,false,worst_case_error_exceeds_bound,safety_rejected; ranking=safe_pass_then_CR_then_encode_latency
learned_compression_all_numeric_stress_test,all_numeric_stress_test,weighted_fc_ae,32,4,288.0,1152.0,0.42106,0.45118,405861.875,3566625.75,537033984.0,2612.564,false,worst_case_error_exceeds_bound,safety_rejected; ranking=safe_pass_then_CR_then_encode_latency
learned_compression_all_numeric_stress_test,all_numeric_stress_test,weighted_fc_ae,32,4,288.0,1152.0,0.45912333,0.43385,299341.65625,3049638.75,454688544.0,2612.564,false,worst_case_error_exceeds_bound,safety_rejected; ranking=safe_pass_then_CR_then_encode_latency
learned_compression_all_numeric_stress_test,all_numeric_stress_test,weighted_fc_ae,32,8,144.0,576.0,0.57075,0.62559667,382607.34375,3166544.5,454427808.0,2616.564,false,worst_case_error_exceeds_bound,safety_rejected; ranking=safe_pass_then_CR_then_encode_latency
learned_compression_all_numeric_stress_test,all_numeric_stress_test,weighted_fc_ae,32,8,144.0,576.0,0.47910667,0.50020333,400049.78125,3577305.25,455598432.0,2616.564,false,worst_case_error_exceeds_bound,safety_rejected; ranking=safe_pass_then_CR_then_encode_latency
learned_compression_all_numeric_stress_test,all_numeric_stress_test,weighted_fc_ae,32,8,144.0,576.0,0.46536333,0.56173333,335131.9375,3037338.5,454755008.0,2616.564,false,worst_case_error_exceeds_bound,safety_rejected; ranking=safe_pass_then_CR_then_encode_latency
learned_compression_all_numeric_stress_test,all_numeric_stress_test,weighted_fc_ae,32,16,72.0,288.0,0.47191,0.48743333,355744.59375,2892836.25,453751616.0,2624.564,false,worst_case_error_exceeds_bound,safety_rejected; ranking=safe_pass_then_CR_then_encode_latency
learned_compression_all_numeric_stress_test,all_numeric_stress_test,weighted_fc_ae,32,16,72.0,288.0,0.48267667,0.48253333,393404.28125,3351114.0,572994944.0,2624.564,false,worst_case_error_exceeds_bound,safety_rejected; ranking=safe_pass_then_CR_then_encode_latency
learned_compression_all_numeric_stress_test,all_numeric_stress_test,weighted_fc_ae,32,16,72.0,288.0,0.47535333,0.48807667,388296.28125,3036401.0,454856128.0,2624.564,false,worst_case_error_exceeds_bound,safety_rejected; ranking=safe_pass_then_CR_then_encode_latency
learned_compression_all_numeric_stress_test,all_numeric_stress_test,weighted_fc_ae,32,32,36.0,144.0,0.4394,0.48200667,432936.34375,3483253.25,477931392.0,2640.627,false,worst_case_error_exceeds_bound,safety_rejected; ranking=safe_pass_then_CR_then_encode_latency
learned_compression_all_numeric_stress_test,all_numeric_stress_test,weighted_fc_ae,32,32,36.0,144.0,0.47411333,0.51710333,413788.8125,3209268.25,454401696.0,2640.627,false,worst_case_error_exceeds_bound,safety_rejected; ranking=safe_pass_then_CR_then_encode_latency
learned_compression_all_numeric_stress_test,all_numeric_stress_test,weighted_fc_ae,32,32,36.0,144.0,0.47626,0.49831667,446394.21875,3252109.0,454389568.0,2640.627,false,worst_case_error_exceeds_bound,safety_rejected; ranking=safe_pass_then_CR_then_encode_latency
learned_compression_all_numeric_stress_test,all_numeric_stress_test,tcn_ae,32,4,288.0,1152.0,1.18857667,1.21925,298632.40625,2866665.5,454168320.0,264.064,false,worst_case_error_exceeds_bound,safety_rejected; ranking=safe_pass_then_CR_then_encode_latency
learned_compression_all_numeric_stress_test,all_numeric_stress_test,tcn_ae,32,4,288.0,1152.0,1.21956667,1.1771,336650.03125,3133829.25,454150752.0,264.064,false,worst_case_error_exceeds_bound,safety_rejected; ranking=safe_pass_then_CR_then_encode_latency
learned_compression_all_numeric_stress_test,all_numeric_stress_test,tcn_ae,32,4,288.0,1152.0,1.18569333,1.1563,290445.6875,2876373.5,455425248.0,264.064,false,worst_case_error_exceeds_bound,safety_rejected; ranking=safe_pass_then_CR_then_encode_latency
learned_compression_all_numeric_stress_test,all_numeric_stress_test,tcn_ae,32,8,144.0,576.0,1.1604,1.17659333,347030.46875,3154160.0,455892160.0,328.064,false,worst_case_error_exceeds_bound,safety_rejected; ranking=safe_pass_then_CR_then_encode_latency
learned_compression_all_numeric_stress_test,all_numeric_stress_test,tcn_ae,32,8,144.0,576.0,1.21526333,1.21362333,347717.09375,3298756.25,453465600.0,328.064,false,worst_case_error_exceeds_bound,safety_rejected; ranking=safe_pass_then_CR_then_encode_latency
learned_compression_all_numeric_stress_test,all_numeric_stress_test,tcn_ae,32,8,144.0,576.0,1.17675667,1.19869,292349.65625,2872079.0,456428640.0,328.064,false,worst_case_error_exceeds_bound,safety_rejected; ranking=safe_pass_then_CR_then_encode_latency
learned_compression_all_numeric_stress_test,all_numeric_stress_test,tcn_ae,32,16,72.0,288.0,1.18211333,1.20790667,308677.59375,2946196.25,453782720.0,456.064,false,worst_case_error_exceeds_bound,safety_rejected; ranking=safe_pass_then_CR_then_encode_latency
learned_compression_all_numeric_stress_test,all_numeric_stress_test,tcn_ae,32,16,72.0,288.0,1.18897,1.17978333,289330.28125,2843886.5,453161824.0,456.064,false,worst_case_error_exceeds_bound,safety_rejected; ranking=safe_pass_then_CR_then_encode_latency
learned_compression_all_numeric_stress_test,all_numeric_stress_test,tcn_ae,32,16,72.0,288.0,1.35657667,1.18273,311732.375,3020616.5,455184416.0,456.064,false,worst_case_error_exceeds_bound,safety_rejected; ranking=safe_pass_then_CR_then_encode_latency
learned_compression_all_numeric_stress_test,all_numeric_stress_test,tcn_ae,32,32,36.0,144.0,1.19202667,1.20199,448604.5,3251355.0,452019968.0,712.127,false,worst_case_error_exceeds_bound,safety_rejected; ranking=safe_pass_then_CR_then_encode_latency
learned_compression_all_numeric_stress_test,all_numeric_stress_test,tcn_ae,32,32,36.0,144.0,1.19407,1.20061667,349784.21875,3176816.75,470295680.0,712.127,false,worst_case_error_exceeds_bound,safety_rejected; ranking=safe_pass_then_CR_then_encode_latency
learned_compression_all_numeric_stress_test,all_numeric_stress_test,tcn_ae,32,32,36.0,144.0,1.24384333,1.21457,283009.78125,3027945.25,507312224.0,712.127,false,worst_case_error_exceeds_bound,safety_rejected; ranking=safe_pass_then_CR_then_encode_latency
learned_compression_all_numeric_stress_test,all_numeric_stress_test,fc_ae,64,4,576.0,2304.0,1.0138,0.38545667,287794.375,2899992.25,453329824.0,4902.814,false,worst_case_error_exceeds_bound,safety_rejected; ranking=safe_pass_then_CR_then_encode_latency
learned_compression_all_numeric_stress_test,all_numeric_stress_test,fc_ae,64,4,576.0,2304.0,0.40248333,0.39378667,268201.28125,2836714.0,454767488.0,4902.814,false,worst_case_error_exceeds_bound,safety_rejected; ranking=safe_pass_then_CR_then_encode_latency
learned_compression_all_numeric_stress_test,all_numeric_stress_test,fc_ae,64,4,576.0,2304.0,0.52927,0.65042667,299754.03125,2941415.25,454576800.0,4902.814,false,worst_case_error_exceeds_bound,safety_rejected; ranking=safe_pass_then_CR_then_encode_latency
learned_compression_all_numeric_stress_test,all_numeric_stress_test,fc_ae,64,8,288.0,1152.0,0.37506,0.40349667,294124.46875,2859203.75,454956160.0,4906.814,false,worst_case_error_exceeds_bound,safety_rejected; ranking=safe_pass_then_CR_then_encode_latency
learned_compression_all_numeric_stress_test,all_numeric_stress_test,fc_ae,64,8,288.0,1152.0,0.38682,0.39231667,284697.78125,2822295.5,454663168.0,4906.814,false,worst_case_error_exceeds_bound,safety_rejected; ranking=safe_pass_then_CR_then_encode_latency
learned_compression_all_numeric_stress_test,all_numeric_stress_test,fc_ae,64,8,288.0,1152.0,0.40766333,0.39798333,314372.6875,2905805.0,454597952.0,4906.814,false,worst_case_error_exceeds_bound,safety_rejected; ranking=safe_pass_then_CR_then_encode_latency
learned_compression_all_numeric_stress_test,all_numeric_stress_test,fc_ae,64,16,144.0,576.0,0.44409667,0.44898667,330459.9375,2887975.75,454635872.0,4914.814,false,worst_case_error_exceeds_bound,safety_rejected; ranking=safe_pass_then_CR_then_encode_latency
learned_compression_all_numeric_stress_test,all_numeric_stress_test,fc_ae,64,16,144.0,576.0,0.51315,0.43887333,301813.4375,2840166.75,455114688.0,4914.814,false,worst_case_error_exceeds_bound,safety_rejected; ranking=safe_pass_then_CR_then_encode_latency
learned_compression_all_numeric_stress_test,all_numeric_stress_test,fc_ae,64,16,144.0,576.0,0.44937667,0.43217,329960.0,2848416.75,454353760.0,4914.814,false,worst_case_error_exceeds_bound,safety_rejected; ranking=safe_pass_then_CR_then_encode_latency
learned_compression_all_numeric_stress_test,all_numeric_stress_test,fc_ae,64,32,72.0,288.0,0.42832333,0.4362,318852.21875,2858313.0,454938208.0,4930.877,false,worst_case_error_exceeds_bound,safety_rejected; ranking=safe_pass_then_CR_then_encode_latency
learned_compression_all_numeric_stress_test,all_numeric_stress_test,fc_ae,64,32,72.0,288.0,0.50200333,0.43089667,335234.28125,2876785.25,454218432.0,4930.877,false,worst_case_error_exceeds_bound,safety_rejected; ranking=safe_pass_then_CR_then_encode_latency
learned_compression_all_numeric_stress_test,all_numeric_stress_test,fc_ae,64,32,72.0,288.0,0.47385,0.47700667,348822.6875,2959085.0,454465760.0,4930.877,false,worst_case_error_exceeds_bound,safety_rejected; ranking=safe_pass_then_CR_then_encode_latency
learned_compression_all_numeric_stress_test,all_numeric_stress_test,weighted_fc_ae,64,4,576.0,2304.0,0.4197,0.41459,287794.375,2899992.25,453329824.0,4902.814,false,worst_case_error_exceeds_bound,safety_rejected; ranking=safe_pass_then_CR_then_encode_latency
learned_compression_all_numeric_stress_test,all_numeric_stress_test,weighted_fc_ae,64,4,576.0,2304.0,0.41553667,0.40232,268201.28125,2836714.0,454767488.0,4902.814,false,worst_case_error_exceeds_bound,safety_rejected; ranking=safe_pass_then_CR_then_encode_latency
learned_compression_all_numeric_stress_test,all_numeric_stress_test,weighted_fc_ae,64,4,576.0,2304.0,0.40798,0.41417,299754.03125,2941415.25,454576800.0,4902.814,false,worst_case_error_exceeds_bound,safety_rejected; ranking=safe_pass_then_CR_then_encode_latency
learned_compression_all_numeric_stress_test,all_numeric_stress_test,weighted_fc_ae,64,8,288.0,1152.0,0.44399333,0.40951333,294124.46875,2859203.75,454956160.0,4906.814,false,worst_case_error_exceeds_bound,safety_rejected; ranking=safe_pass_then_CR_then_encode_latency
learned_compression_all_numeric_stress_test,all_numeric_stress_test,weighted_fc_ae,64,8,288.0,1152.0,0.42573333,0.42256,284697.78125,2822295.5,454663168.0,4906.814,false,worst_case_error_exceeds_bound,safety_rejected; ranking=safe_pass_then_CR_then_encode_latency
learned_compression_all_numeric_stress_test,all_numeric_stress_test,weighted_fc_ae,64,8,288.0,1152.0,0.4166,0.41567333,314372.6875,2905805.0,454597952.0,4906.814,false,worst_case_error_exceeds_bound,safety_rejected; ranking=safe_pass_then_CR_then_encode_latency
learned_compression_all_numeric_stress_test,all_numeric_stress_test,weighted_fc_ae,64,16,144.0,576.0,0.48746333,0.45464333,330459.9375,2887975.75,454635872.0,4914.814,false,worst_case_error_exceeds_bound,safety_rejected; ranking=safe_pass_then_CR_then_encode_latency
learned_compression_all_numeric_stress_test,all_numeric_stress_test,weighted_fc_ae,64,16,144.0,576.0,0.4935,0.44468333,301813.4375,2840166.75,455114688.0,4914.814,false,worst_case_error_exceeds_bound,safety_rejected; ranking=safe_pass_then_CR_then_encode_latency
learned_compression_all_numeric_stress_test,all_numeric_stress_test,weighted_fc_ae,64,32,72.0,288.0,0.52842,0.43590667,318852.21875,2858313.0,454938208.0,4930.877,false,worst_case_error_exceeds_bound,safety_rejected; ranking=safe_pass_then_CR_then_encode_latency
learned_compression_all_numeric_stress_test,all_numeric_stress_test,weighted_fc_ae,64,32,72.0,288.0,0.45333333,0.45194,335234.28125,2876785.25,454218432.0,4930.877,false,worst_case_error_exceeds_bound,safety_rejected; ranking=safe_pass_then_CR_then_encode_latency
learned_compression_all_numeric_stress_test,all_numeric_stress_test,weighted_fc_ae,64,32,72.0,288.0,0.45491333,0.43092667,348822.6875,2959085.0,454465760.0,4930.877,false,worst_case_error_exceeds_bound,safety_rejected; ranking=safe_pass_then_CR_then_encode_latency
learned_compression_all_numeric_stress_test,all_numeric_stress_test,tcn_ae,64,4,576.0,2304.0,1.17604667,1.13520667,288028.71875,2839046.25,453480288.0,317.814,false,worst_case_error_exceeds_bound,safety_rejected; ranking=safe_pass_then_CR_then_encode_latency
learned_compression_all_numeric_stress_test,all_numeric_stress_test,tcn_ae,64,4,576.0,2304.0,1.21939,1.13775,348626.9375,3058586.25,454988896.0,317.814,false,worst_case_error_exceeds_bound,safety_rejected; ranking=safe_pass_then_CR_then_encode_latency
learned_compression_all_numeric_stress_test,all_numeric_stress_test,tcn_ae,64,4,576.0,2304.0,1.29253,1.12948333,343230.96875,3168222.5,450472384.0,317.814,false,worst_case_error_exceeds_bound,safety_rejected; ranking=safe_pass_then_CR_then_encode_latency
learned_compression_all_numeric_stress_test,all_numeric_stress_test,tcn_ae,64,8,288.0,1152.0,1.19923,1.13770333,332719.5625,2963030.5,452877760.0,445.814,false,worst_case_error_exceeds_bound,safety_rejected; ranking=safe_pass_then_CR_then_encode_latency
learned_compression_all_numeric_stress_test,all_numeric_stress_test,tcn_ae,64,8,288.0,1152.0,1.26947333,1.12552,324589.5625,3146576.5,456161504.0,445.814,false,worst_case_error_exceeds_bound,safety_rejected; ranking=safe_pass_then_CR_then_encode_latency
learned_compression_all_numeric_stress_test,all_numeric_stress_test,tcn_ae,64,8,288.0,1152.0,1.2718,1.14622333,328209.3125,3099421.75,453390336.0,445.814,false,worst_case_error_exceeds_bound,safety_rejected; ranking=safe_pass_then_CR_then_encode_latency
learned_compression_all_numeric_stress_test,all_numeric_stress_test,tcn_ae,64,16,144.0,576.0,1.20207,1.15407667,345672.625,3106843.25,515823680.0,701.814,false,worst_case_error_exceeds_bound,safety_rejected; ranking=safe_pass_then_CR_then_encode_latency
learned_compression_all_numeric_stress_test,all_numeric_stress_test,tcn_ae,64,16,144.0,576.0,1.56229333,1.26481,357749.84375,3177792.75,454215808.0,701.814,false,worst_case_error_exceeds_bound,safety_rejected; ranking=safe_pass_then_CR_then_encode_latency
learned_compression_all_numeric_stress_test,all_numeric_stress_test,tcn_ae,64,16,144.0,576.0,1.20611,1.18639,297431.28125,2909449.0,452307328.0,701.814,false,worst_case_error_exceeds_bound,safety_rejected; ranking=safe_pass_then_CR_then_encode_latency
learned_compression_all_numeric_stress_test,all_numeric_stress_test,tcn_ae,64,32,72.0,288.0,1.24329333,1.17957667,445742.34375,3441918.0,453875136.0,1213.877,false,worst_case_error_exceeds_bound,safety_rejected; ranking=safe_pass_then_CR_then_encode_latency
learned_compression_all_numeric_stress_test,all_numeric_stress_test,tcn_ae,64,32,72.0,288.0,1.19698333,1.14337333,412966.15625,3433720.25,639807808.0,1213.877,false,worst_case_error_exceeds_bound,safety_rejected; ranking=safe_pass_then_CR_then_encode_latency
learned_compression_all_numeric_stress_test,all_numeric_stress_test,tcn_ae,64,32,72.0,288.0,1.21370667,1.24646333,340035.65625,3053895.5,532236928.0,1213.877,false,worst_case_error_exceeds_bound,safety_rejected; ranking=safe_pass_then_CR_then_encode_latency
